JASLHX010000195.1_2	1111732.AZOD01000003_gene1128	1.05e-132	383.0	COG2091@1|root,COG2091@2|Bacteria	2|Bacteria	H	lysine biosynthetic process via aminoadipic acid	acpT	GO:0003674,GO:0003824,GO:0006082,GO:0006464,GO:0006520,GO:0006553,GO:0006629,GO:0006631,GO:0006633,GO:0006807,GO:0008150,GO:0008152,GO:0008610,GO:0008652,GO:0008897,GO:0009058,GO:0009066,GO:0009067,GO:0009085,GO:0009987,GO:0016053,GO:0016740,GO:0016772,GO:0016780,GO:0018070,GO:0018193,GO:0018209,GO:0018215,GO:0019538,GO:0019752,GO:0019878,GO:0032787,GO:0036211,GO:0043170,GO:0043412,GO:0043436,GO:0044237,GO:0044238,GO:0044249,GO:0044255,GO:0044260,GO:0044267,GO:0044281,GO:0044283,GO:0046394,GO:0071704,GO:0072330,GO:1901564,GO:1901566,GO:1901576,GO:1901605,GO:1901607	2.7.8.7	ko:K00997,ko:K06133	ko00770,map00770	-	R01625	RC00002	ko00000,ko00001,ko01000	-	-	iECNA114_1301.ECNA114_3584	ACPS
JASLHX010000064.1_5	1111732.AZOD01000029_gene1541	1.5e-62	192.0	COG0640@1|root,COG0640@2|Bacteria,1N72Q@1224|Proteobacteria,1SCH5@1236|Gammaproteobacteria,1X848@135614|Xanthomonadales	135614|Xanthomonadales	K	helix_turn_helix, Arsenical Resistance Operon Repressor	-	GO:0000976,GO:0001067,GO:0001130,GO:0001217,GO:0003674,GO:0003676,GO:0003677,GO:0003690,GO:0003700,GO:0005488,GO:0005575,GO:0006355,GO:0008150,GO:0009889,GO:0009890,GO:0009892,GO:0010468,GO:0010556,GO:0010558,GO:0010605,GO:0010629,GO:0019219,GO:0019222,GO:0031323,GO:0031324,GO:0031326,GO:0031327,GO:0032991,GO:0032993,GO:0043565,GO:0044212,GO:0045892,GO:0045934,GO:0048519,GO:0048523,GO:0050789,GO:0050794,GO:0051171,GO:0051172,GO:0051252,GO:0051253,GO:0060255,GO:0065007,GO:0080090,GO:0097159,GO:0140110,GO:1901363,GO:1902679,GO:1903506,GO:1903507,GO:1990837,GO:2000112,GO:2000113,GO:2001141	-	-	-	-	-	-	-	-	-	-	HTH_5
JASLHX010000066.1_9	1111732.AZOD01000032_gene375	2.41e-163	459.0	COG0767@1|root,COG0767@2|Bacteria,1MVPN@1224|Proteobacteria,1RM9H@1236|Gammaproteobacteria,1X51X@135614|Xanthomonadales	135614|Xanthomonadales	Q	ABC-type transport system involved in resistance to organic solvents permease component	yrbE	-	-	ko:K02066	ko02010,map02010	M00210,M00669,M00670	-	-	ko00000,ko00001,ko00002,ko02000	3.A.1.27	-	-	MlaE
JASLHX010000115.1_12	1382305.AZUC01000010_gene2739	4.84e-140	402.0	COG1968@1|root,COG1968@2|Bacteria,1TPFA@1239|Firmicutes,4HB0M@91061|Bacilli,26E67@186818|Planococcaceae	91061|Bacilli	V	Catalyzes the dephosphorylation of undecaprenyl diphosphate (UPP). Confers resistance to bacitracin	uppP	-	3.6.1.27	ko:K06153	ko00550,map00550	-	R05627	RC00002	ko00000,ko00001,ko01000,ko01011	-	-	-	BacA
JASLHX010000005.1_1	1115512.EH105704_04_01200	2.41e-26	104.0	COG2258@1|root,COG2258@2|Bacteria,1RAPM@1224|Proteobacteria,1RRB8@1236|Gammaproteobacteria,3XMCD@561|Escherichia	1236|Gammaproteobacteria	S	toxin catabolic process	yiiM	GO:0005575,GO:0005622,GO:0005623,GO:0005737,GO:0005829,GO:0008150,GO:0008152,GO:0009056,GO:0009404,GO:0009407,GO:0009636,GO:0009987,GO:0019748,GO:0042221,GO:0044237,GO:0044248,GO:0044424,GO:0044444,GO:0044464,GO:0050896,GO:0098754	-	-	-	-	-	-	-	-	-	-	3-alpha,MOSC
JASLHX010000043.1_6	1111732.AZOD01000009_gene1160	1.12e-71	217.0	COG2076@1|root,COG2076@2|Bacteria	2|Bacteria	P	Multidrug Resistance protein	sugE	-	-	ko:K11741,ko:K18924	-	M00712	-	-	ko00000,ko00002,ko02000	2.A.7.1,2.A.7.1.5	-	-	Multi_Drug_Res
JASLHX010000043.1_7	1111732.AZOD01000009_gene1159	6.02e-65	199.0	COG2076@1|root,COG2076@2|Bacteria,1QTG4@1224|Proteobacteria,1TAS6@1236|Gammaproteobacteria,1X8W9@135614|Xanthomonadales	135614|Xanthomonadales	U	Small Multidrug Resistance protein	-	-	-	-	-	-	-	-	-	-	-	-	Multi_Drug_Res
JASLHX010000031.1_2	1111732.AZOD01000002_gene1749	6.3e-279	768.0	COG1207@1|root,COG1207@2|Bacteria,1MUPH@1224|Proteobacteria,1RNKE@1236|Gammaproteobacteria,1X2YF@135614|Xanthomonadales	135614|Xanthomonadales	M	Catalyzes the last two sequential reactions in the de novo biosynthetic pathway for UDP-N-acetylglucosamine (UDP- GlcNAc). The C-terminal domain catalyzes the transfer of acetyl group from acetyl coenzyme A to glucosamine-1-phosphate (GlcN-1-P) to produce N-acetylglucosamine-1-phosphate (GlcNAc-1-P), which is converted into UDP-GlcNAc by the transfer of uridine 5- monophosphate (from uridine 5-triphosphate), a reaction catalyzed by the N-terminal domain	glmU	-	2.3.1.157,2.7.7.23	ko:K04042	ko00520,ko01100,ko01130,map00520,map01100,map01130	M00362	R00416,R05332	RC00002,RC00004,RC00166	ko00000,ko00001,ko00002,ko01000	-	-	-	Hexapep,NTP_transf_3
JASLHX010000068.1_2	1111732.AZOD01000023_gene1869	6.23e-122	350.0	COG2854@1|root,COG2854@2|Bacteria,1NKFA@1224|Proteobacteria,1RNJW@1236|Gammaproteobacteria,1X73J@135614|Xanthomonadales	135614|Xanthomonadales	Q	ABC-type transport system involved in resistance to organic solvents auxiliary component	-	-	-	ko:K07323	ko02010,map02010	M00210	-	-	ko00000,ko00001,ko00002,ko02000	3.A.1.27.3	-	-	MlaC
JASLHX010000040.1_3	1111732.AZOD01000013_gene1965	0.0	1746.0	COG0841@1|root,COG0841@2|Bacteria,1MU48@1224|Proteobacteria,1RMBN@1236|Gammaproteobacteria,1X34J@135614|Xanthomonadales	135614|Xanthomonadales	V	Efflux pump membrane transporter	mexB	-	-	ko:K03296,ko:K18138	ko01501,ko01503,map01501,map01503	M00647,M00699,M00718	-	-	ko00000,ko00001,ko00002,ko01504,ko02000	2.A.6.2	-	-	ACR_tran
JASLHX010000181.1_4	1111732.AZOD01000004_gene994	3.27e-104	301.0	COG3015@1|root,COG3015@2|Bacteria,1N97X@1224|Proteobacteria,1SEMN@1236|Gammaproteobacteria	1236|Gammaproteobacteria	MP	lipoprotein NlpE involved in copper resistance	nlpE	-	-	-	-	-	-	-	-	-	-	-	NlpE
JASLHX010000004.1_1	1111732.AZOD01000033_gene742	1.96e-302	831.0	COG1538@1|root,COG1538@2|Bacteria,1MUA8@1224|Proteobacteria,1RMDA@1236|Gammaproteobacteria,1X3EU@135614|Xanthomonadales	135614|Xanthomonadales	M	Outer membrane efflux protein	oprM	-	-	ko:K18139,ko:K18323	ko01501,ko02020,ko02024,map01501,map02020,map02024	M00642,M00643,M00645,M00647,M00718,M00768,M00822	-	-	ko00000,ko00001,ko00002,ko01504,ko02000	1.B.17,2.A.6.2,2.A.6.2.41	-	-	OEP
JASLHX010000141.1_1	1111732.AZOD01000002_gene1749	4.58e-278	765.0	COG1207@1|root,COG1207@2|Bacteria,1MUPH@1224|Proteobacteria,1RNKE@1236|Gammaproteobacteria,1X2YF@135614|Xanthomonadales	135614|Xanthomonadales	M	Catalyzes the last two sequential reactions in the de novo biosynthetic pathway for UDP-N-acetylglucosamine (UDP- GlcNAc). The C-terminal domain catalyzes the transfer of acetyl group from acetyl coenzyme A to glucosamine-1-phosphate (GlcN-1-P) to produce N-acetylglucosamine-1-phosphate (GlcNAc-1-P), which is converted into UDP-GlcNAc by the transfer of uridine 5- monophosphate (from uridine 5-triphosphate), a reaction catalyzed by the N-terminal domain	glmU	-	2.3.1.157,2.7.7.23	ko:K04042	ko00520,ko01100,ko01130,map00520,map01100,map01130	M00362	R00416,R05332	RC00002,RC00004,RC00166	ko00000,ko00001,ko00002,ko01000	-	-	-	Hexapep,NTP_transf_3
JASLHX010000037.1_2	1111732.AZOD01000011_gene590	6.11e-60	184.0	COG2924@1|root,COG2924@2|Bacteria,1MZ2V@1224|Proteobacteria,1S964@1236|Gammaproteobacteria,1X7KK@135614|Xanthomonadales	135614|Xanthomonadales	CO	Could be a mediator in iron transactions between iron acquisition and iron-requiring processes, such as synthesis and or repair of Fe-S clusters in biosynthetic enzymes	yggX	-	-	-	-	-	-	-	-	-	-	-	Iron_traffic
JASLHX010000029.1_5	1111732.AZOD01000010_gene1067	5.46e-229	635.0	COG3853@1|root,COG3853@2|Bacteria,1MZ3B@1224|Proteobacteria,1RZUJ@1236|Gammaproteobacteria,1XC5C@135614|Xanthomonadales	135614|Xanthomonadales	P	Toxic anion resistance protein (TelA)	-	-	-	-	-	-	-	-	-	-	-	-	TelA
JASLHX010000203.1_14	1121896.JMLU01000004_gene2568	3.9e-43	164.0	COG1106@1|root,COG1106@2|Bacteria,4NE5J@976|Bacteroidetes,1I1VW@117743|Flavobacteriia,2NUDP@237|Flavobacterium	976|Bacteroidetes	S	AAA domain, putative AbiEii toxin, Type IV TA system	-	-	-	ko:K06926	-	-	-	-	ko00000	-	-	-	AAA_21
JASLHX010000161.1_11	1111732.AZOD01000001_gene1643	0.0	1104.0	COG0577@1|root,COG1136@1|root,COG0577@2|Bacteria,COG1136@2|Bacteria,1MU45@1224|Proteobacteria,1RNUJ@1236|Gammaproteobacteria,1XD96@135614|Xanthomonadales	135614|Xanthomonadales	V	Part of the tripartite efflux system MacAB-TolC. MacB is a non-canonical ABC transporter that contains transmembrane domains (TMD), which form a pore in the inner membrane, and an ATP-binding domain (NBD), which is responsible for energy generation. Confers resistance against macrolides	macB	-	-	ko:K05685	ko02010,map02010	M00709	-	-	ko00000,ko00001,ko00002,ko01000,ko02000	3.A.1.122.1,3.A.1.122.12	-	-	ABC_tran,FtsX,MacB_PCD
JASLHX010000159.1_2	1141663.OOC_09356	1.29e-159	454.0	COG0679@1|root,COG0679@2|Bacteria,1R71W@1224|Proteobacteria,1RSP2@1236|Gammaproteobacteria,3Z8HK@586|Providencia	1236|Gammaproteobacteria	S	Transporter, auxin efflux carrier (AEC) family protein	-	-	-	ko:K07088	-	-	-	-	ko00000	-	-	-	Mem_trans
JASLHX010000170.1_4	1111732.AZOD01000010_gene1073	1.56e-56	181.0	COG1101@1|root,COG1101@2|Bacteria,1MVDM@1224|Proteobacteria,1RSNT@1236|Gammaproteobacteria,1XDD0@135614|Xanthomonadales	135614|Xanthomonadales	S	AAA domain, putative AbiEii toxin, Type IV TA system	-	-	-	-	-	-	-	-	-	-	-	-	ABC_tran
JASLHX010000221.1_2	1111732.AZOD01000015_gene1448	1.29e-80	241.0	COG4125@1|root,COG4125@2|Bacteria,1RHF1@1224|Proteobacteria,1S4NV@1236|Gammaproteobacteria,1XAJT@135614|Xanthomonadales	135614|Xanthomonadales	S	Chlorhexidine efflux transporter	-	-	-	-	-	-	-	-	-	-	-	-	BTP
JASLHX010000007.1_2	1111732.AZOD01000023_gene1862	1.64e-219	608.0	COG0053@1|root,COG0053@2|Bacteria,1MUDS@1224|Proteobacteria,1RNS2@1236|Gammaproteobacteria,1X6BQ@135614|Xanthomonadales	135614|Xanthomonadales	P	Dimerisation domain of Zinc Transporter	-	-	-	-	-	-	-	-	-	-	-	-	Cation_efflux,ZT_dimer
JASLHX010000186.1_3	1111732.AZOD01000010_gene1037	4.43e-151	426.0	COG2227@1|root,COG2227@2|Bacteria,1MU89@1224|Proteobacteria,1RMV7@1236|Gammaproteobacteria,1X4AM@135614|Xanthomonadales	135614|Xanthomonadales	H	O-methyltransferase that catalyzes the 2 O-methylation steps in the ubiquinone biosynthetic pathway	-	-	2.1.1.222,2.1.1.64	ko:K00568	ko00130,ko01100,ko01110,map00130,map01100,map01110	M00117	R04988,R05614,R08769,R08781	RC00003,RC00392,RC01895	ko00000,ko00001,ko00002,ko01000	-	-	-	Methyltransf_23
JASLHX010000109.1_6	1111732.AZOD01000006_gene59	8.85e-186	521.0	COG1463@1|root,COG1463@2|Bacteria,1MU4B@1224|Proteobacteria,1S5E8@1236|Gammaproteobacteria,1XBYX@135614|Xanthomonadales	135614|Xanthomonadales	Q	ABC-type transport system involved in resistance to organic solvents, periplasmic component	-	-	-	ko:K02067	ko02010,map02010	M00210,M00669,M00670	-	-	ko00000,ko00001,ko00002,ko02000	3.A.1.27	-	-	MlaD
JASLHX010000001.1_7	1111732.AZOD01000016_gene223	6.72e-303	829.0	COG0534@1|root,COG0534@2|Bacteria,1R4H5@1224|Proteobacteria,1RS0B@1236|Gammaproteobacteria	1236|Gammaproteobacteria	V	Na driven multidrug efflux pump	vmrA	-	-	-	-	-	-	-	-	-	-	-	MatE
JASLHX010000090.1_1	1111732.AZOD01000011_gene597	0.0	1007.0	COG1289@1|root,COG1289@2|Bacteria,1QW9U@1224|Proteobacteria,1T41N@1236|Gammaproteobacteria,1X7W2@135614|Xanthomonadales	135614|Xanthomonadales	S	Fusaric acid resistance protein-like	-	-	-	-	-	-	-	-	-	-	-	-	FUSC_2
JASLHX010000131.1_1	1111732.AZOD01000001_gene1564	1.26e-64	201.0	COG2227@1|root,COG2227@2|Bacteria,1QVH1@1224|Proteobacteria,1T2QF@1236|Gammaproteobacteria	1236|Gammaproteobacteria	H	Tellurite resistance protein TehB	-	-	-	-	-	-	-	-	-	-	-	-	Methyltransf_25
JASLHX010000094.1_5	1111732.AZOD01000001_gene1625	4e-97	285.0	COG2001@1|root,COG2001@2|Bacteria,1QSME@1224|Proteobacteria,1SR9S@1236|Gammaproteobacteria	1236|Gammaproteobacteria	K	MraZ protein, putative antitoxin-like	-	-	-	ko:K03925	-	-	-	-	ko00000	-	-	-	MraZ
JASLHX010000201.1_10	1111732.AZOD01000019_gene512	4.5e-213	592.0	2BFBW@1|root,32950@2|Bacteria,1MYV2@1224|Proteobacteria,1SME2@1236|Gammaproteobacteria,1X9VQ@135614|Xanthomonadales	135614|Xanthomonadales	S	Fusaric acid resistance protein-like	-	-	-	-	-	-	-	-	-	-	-	-	FUSC_2
JASLHX010000158.1_3	1111732.AZOD01000005_gene830	3.75e-91	268.0	COG2867@1|root,COG2867@2|Bacteria,1RGUH@1224|Proteobacteria,1S61C@1236|Gammaproteobacteria,1X6G2@135614|Xanthomonadales	135614|Xanthomonadales	I	Oligoketide cyclase	-	-	-	-	-	-	-	-	-	-	-	-	Polyketide_cyc
